City_ID,City,Lat,Lng,Max Temp,Humidity,Cloudiness,Wind Speed,Country,Date
0,Kokopo,-4.352,152.2633,77.23,87,15,9.57,PG,2021-09-25 13:04:12
1,Hasaki,35.7333,140.8333,66.6,65,100,17.96,JP,2021-09-25 13:04:12
2,Busselton,-33.65,115.3333,57.04,73,88,12.35,AU,2021-09-25 13:04:13
3,Tigil,57.8,158.6667,40.21,76,0,3.44,RU,2021-09-25 13:04:13
4,Rikitea,-23.1203,-134.9692,73.74,74,20,16.13,PF,2021-09-25 13:04:14
5,Truckee,39.328,-120.1833,62.37,54,1,0.0,US,2021-09-25 13:04:14
6,Homer,59.6425,-151.5483,37.8,85,1,0.0,US,2021-09-25 13:04:15
7,Yerbogachen,61.2767,108.0108,42.01,75,98,7.78,RU,2021-09-25 13:04:15
8,Yellowknife,62.456,-114.3525,45.41,100,90,1.01,CA,2021-09-25 13:00:54
9,Le Port,-20.9373,55.2919,75.2,75,91,7.87,RE,2021-09-25 13:04:15
10,Port Elizabeth,-33.918,25.5701,76.1,52,98,11.27,ZA,2021-09-25 13:04:16
11,Chanthaburi,12.8333,102.1667,63.34,99,100,2.44,TH,2021-09-25 13:04:17
12,Ushuaia,-54.8,-68.3,40.66,70,75,8.05,AR,2021-09-25 13:04:17
13,Bluff,-46.6,168.3333,37.8,66,49,19.53,NZ,2021-09-25 13:01:17
14,Tamandare,-8.7597,-35.1047,79.43,78,18,11.12,BR,2021-09-25 13:04:18
15,Camargo,27.6667,-105.1667,66.74,70,32,2.13,MX,2021-09-25 13:04:19
16,Anqing,30.5092,117.0506,84.11,67,100,2.95,CN,2021-09-25 13:04:19
17,Valparaiso,-33.0393,-71.6273,56.84,83,90,0.0,CL,2021-09-25 13:04:19
18,Saldanha,-33.0117,17.9442,63.32,66,6,10.49,ZA,2021-09-25 13:01:27
19,Atuona,-9.8,-139.0333,77.95,77,10,17.9,PF,2021-09-25 13:04:20
20,Vaini,-21.2,-175.2,70.61,59,92,12.66,TO,2021-09-25 13:01:14
21,Ajdabiya,30.7554,20.2263,81.1,38,0,10.76,LY,2021-09-25 12:59:55
22,Fort William,56.8165,-5.1121,62.44,96,100,3.42,GB,2021-09-25 13:04:20
23,Bambous Virieux,-20.3428,57.7575,74.21,75,50,17.31,MU,2021-09-25 13:04:21
24,Dwarka,22.2394,68.9678,81.57,83,11,14.38,IN,2021-09-25 13:04:21
25,Kutum,14.2,24.6667,89.15,15,71,9.71,SD,2021-09-25 13:04:22
26,Fortuna,40.5982,-124.1573,53.98,75,90,1.99,US,2021-09-25 13:04:22
27,Hoshcha,50.6003,26.6744,62.85,79,100,15.43,UA,2021-09-25 13:04:22
28,Verkhneye Dubrovo,56.7528,61.0468,56.59,33,0,11.18,RU,2021-09-25 13:04:23
29,Morondava,-20.2833,44.2833,80.35,62,3,14.09,MG,2021-09-25 13:04:23
30,Ancud,-41.8697,-73.8203,49.42,94,100,19.46,CL,2021-09-25 13:01:41
31,Iqaluit,63.7506,-68.5145,26.33,100,90,8.05,CA,2021-09-25 13:04:23
32,Harper,4.375,-7.7169,81.46,76,100,10.87,LR,2021-09-25 13:04:24
33,Albany,42.6001,-73.9662,59.74,98,99,0.81,US,2021-09-25 13:00:54
34,Qaanaaq,77.484,-69.3632,20.17,70,99,8.77,GL,2021-09-25 13:04:24
35,Rauma,61.1272,21.5113,53.64,82,100,15.37,FI,2021-09-25 13:04:24
36,Samarai,-10.6167,150.6667,78.85,87,14,13.53,PG,2021-09-25 13:04:25
37,Lahaina,20.8783,-156.6825,76.8,80,10,7.47,US,2021-09-25 13:04:25
38,Ostrovnoy,68.0531,39.5131,47.39,86,100,10.65,RU,2021-09-25 13:01:22
39,Mar Del Plata,-38.0023,-57.5575,58.08,64,90,3.0,AR,2021-09-25 13:01:28
40,Richards Bay,-28.783,32.0377,84.27,49,99,17.05,ZA,2021-09-25 13:04:25
41,Port Alfred,-33.5906,26.891,73.72,65,99,9.64,ZA,2021-09-25 13:04:26
42,Cape Town,-33.9258,18.4232,75.11,59,12,10.45,ZA,2021-09-25 13:02:05
43,San Cristobal,7.7669,-72.225,75.38,88,92,4.54,VE,2021-09-25 12:57:53
44,Fuerte Olimpo,-21.0415,-57.8738,87.66,27,0,5.01,PY,2021-09-25 13:04:26
45,Provideniya,64.3833,-173.3,30.65,85,100,10.78,RU,2021-09-25 13:01:34
46,Adrar,20.5022,-10.0711,98.94,20,62,4.79,MR,2021-09-25 13:04:26
47,Punta Arenas,-53.15,-70.9167,37.11,86,100,12.53,CL,2021-09-25 13:00:16
48,Glamang,6.1626,125.0839,75.69,89,100,1.3,PH,2021-09-25 13:04:27
49,Hermanus,-34.4187,19.2345,78.8,46,84,21.7,ZA,2021-09-25 13:04:27
50,Chapais,49.7834,-74.8492,49.05,80,38,9.28,CA,2021-09-25 13:02:52
51,Tanhacu,-14.0214,-41.2481,76.1,51,83,8.41,BR,2021-09-25 13:04:28
52,Kapaa,22.0752,-159.319,77.32,79,90,12.66,US,2021-09-25 13:04:28
53,Guerrero Negro,27.9769,-114.0611,69.22,84,88,10.38,MX,2021-09-25 13:03:32
54,Kamenka,51.3223,42.7678,53.89,62,83,5.41,RU,2021-09-25 13:04:28
55,Saint-Philippe,-21.3585,55.7679,74.79,73,51,14.18,RE,2021-09-25 13:04:29
56,Korla,41.7597,86.1469,70.11,24,0,3.49,CN,2021-09-25 13:04:29
57,Vorukh,39.8494,70.5838,69.33,24,0,2.86,TJ,2021-09-25 13:04:29
58,Grenada,37.1882,-3.6067,79.48,41,20,5.99,ES,2021-09-25 13:04:30
59,Los Llanos De Aridane,28.6585,-17.9182,73.15,80,40,5.75,ES,2021-09-25 13:04:30
60,Kaitangata,-46.2817,169.8464,39.52,86,25,8.81,NZ,2021-09-25 13:01:12
61,Carutapera,-1.195,-46.02,87.35,58,25,11.79,BR,2021-09-25 13:04:30
62,Am Timan,11.0297,20.2827,85.8,63,99,2.42,TD,2021-09-25 13:02:14
63,Araouane,18.9048,-3.5265,105.15,13,10,6.17,ML,2021-09-25 13:04:31
64,Upernavik,72.7868,-56.1549,22.03,73,7,5.5,GL,2021-09-25 13:04:31
65,Mataura,-46.1927,168.8643,37.47,98,86,3.89,NZ,2021-09-25 13:00:49
66,Bac Lieu,9.285,105.7244,79.02,85,100,6.87,VN,2021-09-25 13:04:31
67,Machico,32.7,-16.7667,79.72,68,20,5.75,PT,2021-09-25 13:04:32
68,Tasiilaq,65.6145,-37.6368,37.56,60,100,5.48,GL,2021-09-25 13:04:32
69,Quang Ngai,15.1167,108.8,77.25,89,99,3.27,VN,2021-09-25 13:01:56
70,Hirara,24.8,125.2833,83.68,76,75,16.31,JP,2021-09-25 13:04:32
71,Kahului,20.8947,-156.47,76.84,80,6,5.01,US,2021-09-25 13:01:21
72,Kargil,34.5667,76.1,58.95,32,67,2.95,IN,2021-09-25 13:04:33
73,Georgetown,5.4112,100.3354,84.13,82,20,1.01,MY,2021-09-25 13:04:33
74,Bilma,18.6853,12.9164,102.06,9,0,7.11,NE,2021-09-25 13:04:33
75,Bilibino,68.0546,166.4372,30.56,98,100,8.72,RU,2021-09-25 13:04:34
76,Nantucket,41.2835,-70.0995,68.14,94,98,7.7,US,2021-09-25 13:04:34
77,Upata,8.0086,-62.3989,79.2,73,44,2.71,VE,2021-09-25 13:04:34
78,Castro,-24.7911,-50.0119,67.26,64,24,5.1,BR,2021-09-25 13:01:32
79,Cidreira,-30.1811,-50.2056,65.32,71,0,0.38,BR,2021-09-25 13:04:35
80,Oromocto,45.8351,-66.4792,69.94,95,90,8.05,CA,2021-09-25 13:03:14
81,Port-Gentil,-0.7193,8.7815,77.52,86,100,10.87,GA,2021-09-25 13:04:35
82,Avarua,-21.2078,-159.775,75.25,64,90,10.36,CK,2021-09-25 13:04:35
83,Lashio,22.9333,97.75,74.43,82,97,1.92,MM,2021-09-25 13:04:36
84,Carnarvon,-24.8667,113.6333,66.27,72,40,10.36,AU,2021-09-25 13:04:36
85,Saint-Denis,48.9167,2.3333,78.51,58,0,4.61,FR,2021-09-25 13:04:36
86,Catamarca,-28.4696,-65.7852,75.78,38,0,5.99,AR,2021-09-25 13:04:37
87,Agde,43.3108,3.4758,77.45,79,75,5.01,FR,2021-09-25 13:04:37
88,Japura,-0.3167,102.35,77.94,92,97,3.51,ID,2021-09-25 13:04:37
89,Kushmurun,52.4503,64.6311,61.45,23,25,8.05,KZ,2021-09-25 13:04:38
90,Halifax,44.6453,-63.5724,68.68,93,100,4.0,CA,2021-09-25 13:04:38
91,Umm Lajj,25.0213,37.2685,86.54,63,6,21.52,SA,2021-09-25 13:04:38
92,Helena,46.5927,-112.0361,49.41,56,1,0.0,US,2021-09-25 13:04:39
93,Meulaboh,4.1363,96.1285,79.43,85,100,6.69,ID,2021-09-25 13:04:39
94,Mount Gambier,-37.8333,140.7667,41.92,74,27,1.97,AU,2021-09-25 13:04:39
95,Nenjiang,49.1833,125.2167,50.49,85,4,1.74,CN,2021-09-25 13:04:39
96,Asau,46.4333,26.4,71.76,39,4,4.59,RO,2021-09-25 13:04:40
97,Haines Junction,60.7522,-137.5108,34.92,91,100,2.75,CA,2021-09-25 13:04:40
98,Sayyan,15.1718,44.3244,73.92,13,99,17.07,YE,2021-09-25 13:04:40
99,Tessalit,20.1986,1.0114,104.36,5,3,13.73,ML,2021-09-25 13:04:41
100,Ucluelet,48.9329,-125.5528,52.95,92,16,3.0,CA,2021-09-25 13:00:12
101,Kavieng,-2.5744,150.7967,82.27,78,9,14.99,PG,2021-09-25 13:02:05
102,Hithadhoo,-0.6,73.0833,83.48,72,100,11.7,MV,2021-09-25 13:04:41
103,Vanimo,-2.6741,141.3028,79.84,86,53,6.4,PG,2021-09-25 13:01:18
104,Sirajganj,24.45,89.7167,88.72,70,89,0.72,BD,2021-09-25 13:04:42
105,Krasnoselkup,65.7,82.4667,35.4,76,8,9.66,RU,2021-09-25 13:04:42
106,Isangel,-19.55,169.2667,68.94,81,83,8.41,VU,2021-09-25 13:04:42
107,Lebu,-37.6167,-73.65,53.2,87,100,15.52,CL,2021-09-25 13:04:43
108,Killin,33.6123,-91.7412,62.69,72,1,4.0,US,2021-09-25 13:04:43
109,Puerto Ayora,-0.7393,-90.3518,69.64,89,99,7.74,EC,2021-09-25 13:01:13
110,Lodwar,3.1191,35.5973,91.49,29,8,12.68,KE,2021-09-25 13:04:44
111,Arlit,18.7369,7.3853,102.02,6,6,2.57,NE,2021-09-25 13:04:44
112,New Norfolk,-42.7826,147.0587,42.3,94,12,3.58,AU,2021-09-25 13:01:24
113,Nara,34.6851,135.8049,76.5,61,100,6.44,JP,2021-09-25 13:04:44
114,Saskylakh,71.9167,114.0833,31.03,91,92,15.3,RU,2021-09-25 13:04:45
115,Aksu,41.1231,80.2644,73.72,15,0,9.57,CN,2021-09-25 13:04:45
116,Mier,26.4333,-99.15,66.88,66,8,6.98,MX,2021-09-25 13:04:45
117,Geraldton,-28.7667,114.6,64.81,72,90,9.22,AU,2021-09-25 13:01:03
118,Miri,4.4148,114.0089,80.33,78,100,5.91,MY,2021-09-25 13:04:46
119,Arraial Do Cabo,-22.9661,-42.0278,71.17,75,62,23.58,BR,2021-09-25 13:01:23
120,Eastchester,40.8876,-73.8329,68.95,74,20,1.99,US,2021-09-25 13:04:07
121,Souillac,-20.5167,57.5167,74.35,74,25,16.89,MU,2021-09-25 13:01:04
122,Batangafo,7.3008,18.2833,79.54,79,100,1.5,CF,2021-09-25 13:04:46
123,Tuktoyaktuk,69.4541,-133.0374,34.16,99,100,23.2,CA,2021-09-25 13:01:33
124,Kodiak,57.79,-152.4072,37.35,58,25,4.92,US,2021-09-25 13:04:47
125,Narsaq,60.9167,-46.05,37.62,34,0,4.47,GL,2021-09-25 13:04:47
126,Shimoda,34.6667,138.95,68.11,81,100,16.44,JP,2021-09-25 13:04:47
127,Ugoofaaru,5.6667,73.0,82.74,81,100,19.35,MV,2021-09-25 13:04:48
128,Barrow,71.2906,-156.7887,21.22,86,90,8.05,US,2021-09-25 13:01:12
129,Honiara,-9.4333,159.95,77.81,87,63,5.17,SB,2021-09-25 13:04:48
130,Yar-Sale,66.8333,70.8333,36.3,73,11,7.7,RU,2021-09-25 13:01:19
131,Guantanamo,20.1444,-75.2092,84.27,71,11,1.41,CU,2021-09-25 13:04:48
132,Sao Joao Da Barra,-21.6403,-41.0511,77.09,63,100,17.65,BR,2021-09-25 13:04:47
133,College,64.8569,-147.8028,30.52,94,90,0.0,US,2021-09-25 13:04:49
134,Chivay,-15.6383,-71.6011,49.77,68,17,4.27,PE,2021-09-25 13:04:49
135,Lemont,41.6736,-88.0017,54.05,94,1,5.75,US,2021-09-25 13:04:49
136,Caloundra,-26.8,153.1333,68.05,70,100,1.01,AU,2021-09-25 13:04:50
137,Codrington,-38.2667,141.9667,47.39,63,78,5.48,AU,2021-09-25 13:04:50
138,Novorzhev,57.0294,29.3338,53.26,94,100,8.03,RU,2021-09-25 13:04:50
139,Vostok,46.4856,135.8833,46.47,78,100,3.36,RU,2021-09-25 13:04:51
140,Pangnirtung,66.1451,-65.7125,34.52,44,34,4.21,CA,2021-09-25 13:00:59
141,Marawi,7.9986,124.2928,65.64,92,100,4.03,PH,2021-09-25 13:04:51
142,Fowa,8.9167,6.4,86.7,61,93,3.69,NG,2021-09-25 13:04:52
143,Stornoway,58.2093,-6.3865,62.92,82,40,18.41,GB,2021-09-25 13:04:52
144,Flin Flon,54.7682,-101.865,44.19,89,100,3.38,CA,2021-09-25 13:00:12
145,Muana,-1.5283,-49.2167,88.11,55,100,5.99,BR,2021-09-25 13:04:52
146,Arman,59.7,150.1667,41.32,88,13,2.51,RU,2021-09-25 13:04:53
147,Norman Wells,65.282,-126.8329,32.7,93,100,15.26,CA,2021-09-25 13:01:10
148,Sharjah,25.3573,55.4033,102.36,41,0,11.5,AE,2021-09-25 13:04:39
149,Khanpur,28.6453,70.6567,99.3,26,0,6.8,PK,2021-09-25 13:04:53
150,Limbus,46.5536,15.5836,79.57,52,0,9.22,SI,2021-09-25 13:04:53
151,Inyonga,-6.7167,32.0667,92.37,16,73,4.56,TZ,2021-09-25 13:04:54
152,Santa Rosa,14.3122,121.1114,85.1,76,16,6.4,PH,2021-09-25 13:04:54
153,Robertsport,6.7533,-11.3686,79.7,79,98,7.94,LR,2021-09-25 13:04:55
154,Petropavlovsk-Kamchatskiy,53.0452,158.6483,43.83,78,100,4.88,RU,2021-09-25 13:02:52
155,Tastur,36.5513,9.4431,105.94,12,66,6.11,TN,2021-09-25 13:04:55
156,Bengkulu,-3.8004,102.2655,79.07,84,100,0.81,ID,2021-09-25 13:00:58
157,Hilo,19.7297,-155.09,70.61,84,20,6.91,US,2021-09-25 13:04:55
158,Bredasdorp,-34.5322,20.0403,78.28,29,91,15.43,ZA,2021-09-25 13:04:56
159,Bambanglipuro,-7.95,110.2833,78.3,84,77,9.4,ID,2021-09-25 13:04:56
160,Malindi,-3.2175,40.1191,79.45,74,37,16.37,KE,2021-09-25 13:04:56
161,Half Moon Bay,37.4636,-122.4286,61.99,91,90,0.0,US,2021-09-25 13:00:12
162,Erzin,36.9559,36.2,88.32,23,0,4.25,TR,2021-09-25 13:04:57
163,Mogadishu,2.0371,45.3438,80.13,74,96,15.73,SO,2021-09-25 13:04:57
164,Dicabisagan,17.0818,122.4157,79.39,88,17,5.06,PH,2021-09-25 13:04:57
165,Loandjili,-4.7561,11.8578,79.54,76,100,9.01,CG,2021-09-25 13:04:58
166,Grosbous,49.8278,5.9672,73.22,65,5,5.23,LU,2021-09-25 13:04:58
167,Esperance,-33.8667,121.9,56.89,68,100,22.59,AU,2021-09-25 13:04:58
168,Micheweni,-4.9667,39.8333,80.08,70,30,13.47,TZ,2021-09-25 13:04:59
169,San Patricio,28.017,-97.5169,78.66,70,3,6.55,US,2021-09-25 13:04:59
170,Kuito,-12.3833,16.9333,88.2,12,7,8.55,AO,2021-09-25 13:02:15
171,Sisimiut,66.9395,-53.6735,30.6,70,10,6.51,GL,2021-09-25 13:05:00
172,Jamestown,42.097,-79.2353,56.71,91,100,1.01,US,2021-09-25 13:00:00
173,Virginia Beach,36.8529,-75.978,71.02,71,0,6.98,US,2021-09-25 13:01:40
174,Thinadhoo,0.5333,72.9333,83.66,75,96,13.47,MV,2021-09-25 13:05:00
175,Soure,-0.7167,-48.5233,84.11,66,94,10.0,BR,2021-09-25 13:05:00
176,Sur,22.5667,59.5289,90.12,55,58,1.88,OM,2021-09-25 13:05:01
177,Vila Velha,-20.3297,-40.2925,75.96,57,100,8.39,BR,2021-09-25 13:02:05
178,Butaritari,3.0707,172.7902,83.44,74,97,10.16,KI,2021-09-25 13:05:03
179,Oistins,13.0667,-59.5333,87.89,70,40,9.22,BB,2021-09-25 13:05:03
180,Aguimes,27.9054,-15.4461,76.66,62,20,17.27,ES,2021-09-25 13:05:03
181,Galateni,44.2167,25.35,82.65,28,0,5.3,RO,2021-09-25 13:05:04
182,Hofn,64.2539,-15.2082,41.76,57,100,14.79,IS,2021-09-25 13:05:04
183,Te Anau,-45.4167,167.7167,36.5,91,99,2.53,NZ,2021-09-25 13:05:05
184,Gorontalo,0.5412,123.0595,76.51,90,91,3.11,ID,2021-09-25 13:05:05
185,Chokurdakh,70.6333,147.9167,32.7,97,100,12.59,RU,2021-09-25 13:02:03
186,Peterhead,57.5058,-1.7981,70.45,90,100,14.23,GB,2021-09-25 13:05:06
187,Karwar,14.8,74.1333,78.93,85,95,7.94,IN,2021-09-25 13:05:06
188,Beeville,28.4008,-97.7483,71.29,100,1,5.75,US,2021-09-25 13:05:07
189,Nikolskoye,59.7035,30.7861,52.88,97,100,5.3,RU,2021-09-25 13:05:07
190,Wilkes-Barre,41.2459,-75.8813,62.49,86,1,0.0,US,2021-09-25 13:05:08
191,Bucerias,20.75,-105.3333,76.98,94,1,3.44,MX,2021-09-25 13:01:15
192,Shurugwi,-19.6702,30.0059,81.19,12,0,13.56,ZW,2021-09-25 13:05:08
193,Hobart,-42.8794,147.3294,42.66,77,0,6.91,AU,2021-09-25 13:00:13
194,Lorengau,-2.0226,147.2712,82.18,77,7,8.03,PG,2021-09-25 13:05:09
195,Luwuk,-0.9516,122.7875,76.86,89,99,3.58,ID,2021-09-25 13:05:09
196,Khatanga,71.9667,102.5,30.25,91,100,9.46,RU,2021-09-25 13:05:09
197,Jibuti,11.5,42.5,89.02,18,13,11.97,DJ,2021-09-25 13:05:10
198,Chernenko,44.365,39.3103,56.98,88,87,4.29,RU,2021-09-25 13:05:10
199,Andenes,69.3143,16.1194,50.07,71,75,9.22,NO,2021-09-25 13:05:10
200,Bandundu,-3.3167,17.3667,98.44,31,15,1.77,CD,2021-09-25 13:05:11
201,Leningradskiy,69.3833,178.4167,16.54,77,99,7.54,RU,2021-09-25 13:05:11
202,La Palma,33.8464,-118.0467,70.36,87,1,0.0,US,2021-09-25 13:05:12
203,Anisoc,1.8658,10.7689,79.79,75,95,1.41,GQ,2021-09-25 13:05:12
204,Sakaiminato,35.55,133.2333,71.04,80,100,10.07,JP,2021-09-25 13:05:13
205,Delijan,33.9905,50.6838,88.16,7,0,9.51,IR,2021-09-25 13:05:13
206,Biak,-0.9131,122.8766,75.97,85,97,3.89,ID,2021-09-25 13:05:13
207,Hoima,1.4356,31.3436,69.6,86,96,2.44,UG,2021-09-25 13:05:14
208,Bandrele,-12.9067,45.1914,82.15,65,0,8.05,YT,2021-09-25 13:05:14
209,Eydhafushi,5.1033,73.0708,82.69,80,100,18.7,MV,2021-09-25 13:05:14
210,Onega,63.9061,38.1404,47.08,88,100,10.51,RU,2021-09-25 13:05:15
211,Luganville,-15.5333,167.1667,75.9,90,72,8.01,VU,2021-09-25 13:01:17
212,Matam,15.6175,-13.3303,96.03,39,14,6.29,SN,2021-09-25 13:05:15
213,Balabac,7.9868,117.0645,82.71,74,100,4.34,PH,2021-09-25 13:05:16
214,Cap Malheureux,-19.9842,57.6142,74.46,62,2,11.01,MU,2021-09-25 13:05:16
215,Berlevag,70.8578,29.0864,49.05,77,99,9.84,NO,2021-09-25 13:05:16
216,Klaksvik,62.2266,-6.589,52.72,98,100,18.72,FO,2021-09-25 13:05:17
217,Pedernales,18.0384,-71.744,83.44,68,1,2.33,DO,2021-09-25 13:05:17
218,Manali,13.1667,80.2667,86.09,73,100,10.31,IN,2021-09-25 13:05:17
219,Igarka,67.4667,86.5833,33.87,73,0,7.56,RU,2021-09-25 13:05:18
220,North Platte,41.1239,-100.7654,48.38,84,1,0.0,US,2021-09-25 13:05:18
221,Den Helder,52.9599,4.7593,71.94,83,90,5.75,NL,2021-09-25 13:01:34
222,Ambon,-3.6954,128.1814,79.54,85,98,9.15,ID,2021-09-25 13:05:18
223,Turukhansk,65.8167,87.9833,33.69,85,7,7.07,RU,2021-09-25 13:05:18
224,Redcliffe,-27.2307,153.0973,68.9,66,0,4.61,AU,2021-09-25 13:05:19
225,Bluefield,37.2698,-81.2223,51.3,76,1,6.91,US,2021-09-25 13:05:19
226,Benguela,-12.5763,13.4055,77.45,70,38,13.13,AO,2021-09-25 13:00:32
227,Grootfontein,-19.5667,18.1167,92.46,8,0,14.67,NA,2021-09-25 13:05:19
228,Cassilandia,-19.1133,-51.7342,91.94,21,0,6.4,BR,2021-09-25 13:05:20
229,Vardo,70.3705,31.1107,48.4,91,100,9.71,NO,2021-09-25 13:01:42
230,Yulara,-25.2406,130.9889,73.24,12,5,9.22,AU,2021-09-25 13:05:20
231,Safaga,26.7292,33.9365,86.27,48,1,17.11,EG,2021-09-25 13:05:21
232,Hambantota,6.1241,81.1185,86.34,70,75,14.97,LK,2021-09-25 13:04:43
233,Saint George,37.1041,-113.5841,73.35,24,2,2.91,US,2021-09-25 12:58:21
234,Lavrentiya,65.5833,-171.0,30.97,87,100,12.26,RU,2021-09-25 13:05:21
235,Raudeberg,61.9875,5.1352,51.87,82,78,4.0,NO,2021-09-25 13:05:21
236,Palestine,31.9216,35.2033,76.95,45,0,7.47,PS,2021-09-25 13:05:22
237,Paamiut,61.994,-49.6678,33.35,56,0,19.55,GL,2021-09-25 13:03:12
238,Yacuiba,-22.038,-63.6797,74.98,28,0,3.56,BO,2021-09-25 13:05:22
239,Tosham,28.8833,75.9167,87.53,57,48,5.39,IN,2021-09-25 13:05:22
240,Sambava,-14.2667,50.1667,76.95,68,0,14.36,MG,2021-09-25 13:05:23
241,Santa Cruz,-17.8,-63.1667,83.89,25,3,4.9,BO,2021-09-25 13:05:12
242,Lasa,46.6166,10.7002,72.34,42,0,4.18,IT,2021-09-25 13:05:23
243,Keflavik,64.0049,-22.5624,43.23,65,75,14.97,IS,2021-09-25 13:05:24
244,Faanui,-16.4833,-151.75,76.55,77,0,8.81,PF,2021-09-25 13:05:24
245,Milazzo,38.2212,15.2383,85.96,52,7,4.0,IT,2021-09-25 13:05:24
246,Zlitan,32.4674,14.5687,86.14,48,0,15.68,LY,2021-09-25 13:05:25
247,Lagoa,39.05,-27.9833,70.12,88,100,11.07,PT,2021-09-25 13:05:25
248,Pordim,43.3833,24.85,82.81,29,0,11.23,BG,2021-09-25 13:05:25
249,Fairbanks,64.8378,-147.7164,32.09,94,90,0.0,US,2021-09-25 13:05:26
250,Baft,29.234,56.6057,80.42,11,7,14.85,IR,2021-09-25 13:05:26
251,San Antonio,29.4241,-98.4936,67.17,85,1,0.0,US,2021-09-25 13:02:35
252,Leiyang,26.4024,112.8591,87.21,45,45,3.36,CN,2021-09-25 13:05:26
253,Markova,48.6758,24.4138,60.39,53,81,6.78,UA,2021-09-25 13:05:27
254,Denpasar,-8.65,115.2167,80.26,88,20,8.05,ID,2021-09-25 13:05:27
255,Udomlya,57.8794,34.9925,46.51,97,100,7.67,RU,2021-09-25 13:05:27
256,Burnie,-41.0667,145.9167,39.04,82,6,6.71,AU,2021-09-25 13:05:28
257,Palafrugell,41.9174,3.1631,87.13,52,39,1.01,ES,2021-09-25 13:05:28
258,Sembe,1.6481,14.5806,86.34,50,100,3.36,CG,2021-09-25 13:05:28
259,Mayo,38.8876,-76.5119,66.22,89,1,4.61,US,2021-09-25 13:05:29
260,Surandai,8.9667,77.4,83.12,66,100,13.87,IN,2021-09-25 13:05:29
261,Rovinj,45.08,13.64,73.89,61,7,4.92,HR,2021-09-25 13:05:29
262,Moyo,3.6609,31.7247,69.31,83,100,1.28,UG,2021-09-25 13:05:30
263,Tuatapere,-46.1333,167.6833,37.81,86,89,8.84,NZ,2021-09-25 13:01:04
264,Lingao,19.9103,109.6859,80.11,86,2,12.41,CN,2021-09-25 13:05:30
265,Vrangel,42.7297,133.0839,62.2,75,100,0.98,RU,2021-09-25 13:05:30
266,Honningsvag,70.9821,25.9704,47.88,77,100,10.2,NO,2021-09-25 13:05:31
267,Chuy,-33.6971,-53.4616,60.76,86,100,9.75,UY,2021-09-25 13:01:18
268,Gold Coast,-28.0,153.4333,66.29,90,8,1.01,AU,2021-09-25 13:05:31
269,Listvyanskiy,54.4399,83.4984,39.18,95,100,8.19,RU,2021-09-25 13:05:31
270,Ballina,-28.8667,153.5667,62.78,76,2,17.47,AU,2021-09-25 13:05:32
271,Laguna,38.421,-121.4238,71.01,79,1,1.01,US,2021-09-25 13:05:32
272,Grants,35.1473,-107.8514,43.03,65,1,5.75,US,2021-09-25 13:05:32
273,Necochea,-38.5473,-58.7368,59.04,71,0,16.51,AR,2021-09-25 13:05:33
274,Saint-Augustin,51.226,-58.6502,49.98,79,100,8.72,CA,2021-09-25 13:05:33
275,Chumikan,54.7183,135.315,56.55,75,90,13.06,RU,2021-09-25 13:05:33
276,Cordoba,-31.4135,-64.1811,73.6,47,0,11.01,AR,2021-09-25 13:05:33
277,Katsuura,35.1333,140.3,71.19,70,100,17.6,JP,2021-09-25 13:05:34
278,Arica,-18.475,-70.3042,59.23,77,90,3.44,CL,2021-09-25 13:05:34
279,Broome,42.2506,-75.833,58.35,82,1,3.0,US,2021-09-25 13:05:34
280,Taoudenni,22.6783,-3.9836,110.25,8,63,9.82,ML,2021-09-25 13:01:04
281,Aykhal,66.0,111.5,33.87,79,8,4.59,RU,2021-09-25 13:05:35
282,Byron Bay,-28.65,153.6167,65.88,77,1,14.47,AU,2021-09-25 13:05:35
283,Cristalina,-16.7686,-47.6136,83.32,30,51,8.93,BR,2021-09-25 13:01:46
284,Chany,55.3121,76.7647,38.52,81,98,10.18,RU,2021-09-25 13:05:35
285,Maryville,35.7565,-83.9705,56.86,96,40,0.0,US,2021-09-25 13:04:34
286,Buraydah,26.326,43.975,101.48,10,9,2.33,SA,2021-09-25 13:05:36
287,Cherskiy,68.75,161.3,29.64,92,100,9.17,RU,2021-09-25 13:05:36
288,Maragogi,-9.0122,-35.2225,79.39,77,20,12.48,BR,2021-09-25 13:05:36
289,Ikalamavony,-21.15,46.5833,81.21,35,59,15.66,MG,2021-09-25 13:05:37
290,Sokoni,-6.4333,39.55,78.3,74,7,14.76,TZ,2021-09-25 13:05:37
291,Ust-Tsilma,65.441,52.1498,47.57,82,100,12.28,RU,2021-09-25 13:05:37
292,Poum,-20.2333,164.0167,71.47,69,97,4.5,NC,2021-09-25 13:01:39
293,Diu,20.7141,70.9822,80.46,82,63,10.49,IN,2021-09-25 13:05:38
294,Cootamundra,-34.65,148.0333,35.94,86,0,2.08,AU,2021-09-25 13:05:38
295,Konevo,62.1215,39.3192,49.08,82,100,7.9,RU,2021-09-25 13:05:38
296,Fort Nelson,58.8053,-122.7002,41.25,85,57,3.51,CA,2021-09-25 13:05:39
297,Tomatlan,19.9333,-105.25,73.62,94,72,2.35,MX,2021-09-25 13:05:39
298,Marzuq,14.4,46.4667,90.14,18,12,5.53,YE,2021-09-25 13:01:43
299,Punta Umbria,37.1821,-6.9661,74.23,55,48,11.23,ES,2021-09-25 13:05:40
300,Miquelon,47.0975,-56.3814,55.4,72,56,13.98,PM,2021-09-25 13:05:40
301,Aksarka,66.5606,67.7975,38.1,62,49,7.29,RU,2021-09-25 13:05:40
302,Arona,28.0996,-16.681,74.7,58,20,5.01,ES,2021-09-25 13:05:41
303,Leshukonskoye,64.8989,45.7622,46.17,96,100,6.98,RU,2021-09-25 13:05:41
304,Khani,41.9563,42.9566,49.57,84,100,0.81,GE,2021-09-25 13:05:42
305,Laurel,39.0993,-76.8483,65.39,84,1,1.01,US,2021-09-25 13:05:42
306,Sioux Lookout,50.1001,-91.917,44.67,87,75,11.5,CA,2021-09-25 13:05:42
307,Victoria,22.2855,114.1577,86.38,78,3,1.99,HK,2021-09-25 13:04:13
308,Natal,-5.795,-35.2094,86.65,62,75,20.71,BR,2021-09-25 13:05:43
309,Lucapa,-8.4192,20.7447,92.12,22,70,4.59,AO,2021-09-25 13:05:43
310,Dunedin,-45.8742,170.5036,45.81,64,100,14.0,NZ,2021-09-25 13:00:52
311,Tramore,52.1624,-7.1524,74.17,88,75,5.01,IE,2021-09-25 13:05:43
312,Saurimo,-9.6608,20.3916,89.11,24,100,5.1,AO,2021-09-25 13:05:44
313,East London,-33.0153,27.9116,74.01,67,75,11.7,ZA,2021-09-25 13:05:04
314,Grindavik,63.8424,-22.4338,43.27,65,75,14.97,IS,2021-09-25 13:05:44
315,Hefei,31.8639,117.2808,77.74,66,99,12.82,CN,2021-09-25 13:01:49
316,Bubaque,11.2833,-15.8333,79.88,80,100,7.29,GW,2021-09-25 13:05:45
317,Zhezkazgan,47.8043,67.7144,63.88,15,0,10.33,KZ,2021-09-25 13:05:45
318,Roebourne,-20.7833,117.1333,73.85,61,3,18.19,AU,2021-09-25 13:05:45
319,Sokoto,13.0609,5.239,95.18,33,21,3.49,NG,2021-09-25 13:05:46
320,Nouadhibou,20.931,-17.0347,73.71,77,26,13.58,MR,2021-09-25 13:05:46
321,Thompson,55.7435,-97.8558,35.11,97,21,3.98,CA,2021-09-25 13:05:46
322,Touros,-5.1989,-35.4608,86.9,58,5,18.12,BR,2021-09-25 13:05:47
323,Williston,48.147,-103.618,52.32,38,34,6.55,US,2021-09-25 13:05:47
324,Sarkand,45.41,79.9186,50.41,22,0,3.49,KZ,2021-09-25 13:05:47
325,Omsukchan,62.5333,155.8,36.64,69,100,2.46,RU,2021-09-25 13:05:47
326,Armidale,-30.5167,151.65,39.81,71,10,1.83,AU,2021-09-25 13:05:48
327,Hovd,48.0056,91.6419,42.96,43,0,4.45,MN,2021-09-25 13:05:48
328,Letlhakeng,-24.0944,25.0298,93.27,10,0,7.52,BW,2021-09-25 13:05:48
329,Sumenep,-7.0167,113.8667,81.81,76,15,11.81,ID,2021-09-25 13:05:49
330,Athabasca,54.7169,-113.2854,54.91,62,100,6.26,CA,2021-09-25 13:05:49
331,Guiyang,26.5833,106.7167,69.93,82,5,10.67,CN,2021-09-25 13:05:02
332,Longyearbyen,78.2186,15.6401,39.33,96,100,5.01,SJ,2021-09-25 13:01:51
333,Mahebourg,-20.4081,57.7,74.25,74,44,17.45,MU,2021-09-25 13:05:49
334,Port Macquarie,-31.4333,152.9167,60.39,85,100,12.06,AU,2021-09-25 13:05:50
335,Solnechnyy,50.7214,136.6319,51.01,76,95,3.36,RU,2021-09-25 13:05:50
336,Zyryanka,65.75,150.85,35.87,87,100,13.62,RU,2021-09-25 13:05:51
337,Del Rio,29.3627,-100.8968,64.51,74,1,4.61,US,2021-09-25 13:05:51
338,Kamaishi,39.2667,141.8833,61.72,85,100,2.59,JP,2021-09-25 13:05:51
339,Palmerston,-12.486,130.9833,82.38,78,20,11.5,AU,2021-09-25 13:05:51
340,Podgornoye,51.735,39.1496,53.82,71,0,4.47,RU,2021-09-25 13:05:52
341,Matara,5.9485,80.5353,81.07,80,32,12.19,LK,2021-09-25 13:01:38
342,Sao Filipe,14.8961,-24.4956,78.71,75,44,7.74,CV,2021-09-25 13:05:52
343,Airai,-8.9266,125.4092,61.25,88,99,1.77,TL,2021-09-25 13:05:53
344,Doume,4.2333,13.45,79.88,64,67,5.01,CM,2021-09-25 13:05:53
345,Moerai,-22.4333,-151.3333,71.64,74,100,11.18,PF,2021-09-25 13:05:53
346,Seoul,37.5683,126.9778,71.04,69,63,2.04,KR,2021-09-25 13:03:55
347,Bantry,51.6833,-9.45,66.15,85,94,9.04,IE,2021-09-25 13:05:53
348,Nacala,-14.5428,40.6728,85.32,51,20,11.5,MZ,2021-09-25 13:05:54
349,Ettaiyapuram,9.1441,77.9907,90.61,46,100,17.05,IN,2021-09-25 13:05:54
350,Warrington,53.3925,-2.5802,71.74,82,75,1.99,GB,2021-09-25 13:05:54
351,Clarence Town,-32.5833,151.7833,58.6,91,100,4.79,AU,2021-09-25 13:05:55
352,Sorland,67.667,12.6934,46.47,79,91,16.44,NO,2021-09-25 13:05:55
353,Belmonte,-15.8631,-38.8828,79.3,51,13,8.77,BR,2021-09-25 13:01:40
354,Karasjok,69.4719,25.5112,48.31,84,100,9.95,NO,2021-09-25 13:05:55
355,Chunskiy,56.0815,99.6342,34.92,84,45,3.06,RU,2021-09-25 13:05:56
356,Sumkino,58.1108,68.3244,41.43,69,7,10.4,RU,2021-09-25 13:05:56
357,Samana,19.2056,-69.3369,80.82,78,40,4.61,DO,2021-09-25 13:05:56
358,Dogondoutchi,13.6393,4.0287,95.54,34,100,4.52,NE,2021-09-25 13:05:57
359,Padang,-0.9492,100.3543,80.65,87,100,1.43,ID,2021-09-25 13:05:57
360,Zhigansk,66.7697,123.3711,36.34,79,100,12.21,RU,2021-09-25 13:05:57
361,Tromso,69.6496,18.957,47.05,81,75,12.66,NO,2021-09-25 13:02:49
362,Anavra,39.2,22.0833,86.16,14,0,6.96,GR,2021-09-25 13:05:58
363,Alyangula,-13.8483,136.4192,74.73,78,23,10.33,AU,2021-09-25 13:05:58
364,Riberalta,-10.9833,-66.1,92.37,31,5,2.8,BO,2021-09-25 13:05:58
365,Lundazi,-12.2929,33.1782,85.41,20,65,14.99,ZM,2021-09-25 13:05:59
366,Tautira,-17.7333,-149.15,75.22,77,14,8.52,PF,2021-09-25 13:05:59
367,Punta De Piedra,7.6176,-71.4916,76.01,87,53,2.08,VE,2021-09-25 13:05:59
368,Huarmey,-10.0681,-78.1522,64.26,83,96,6.73,PE,2021-09-25 13:06:00
369,Mehamn,71.0357,27.8492,48.76,77,100,10.6,NO,2021-09-25 13:01:34
370,Karratha,-20.7377,116.8463,73.4,66,1,17.94,AU,2021-09-25 13:06:00
371,Beringovskiy,63.05,179.3167,29.5,74,18,10.78,RU,2021-09-25 13:06:01
372,Banjar,-8.19,114.9675,80.46,90,72,3.47,ID,2021-09-25 13:06:01
373,Antofagasta,-23.65,-70.4,67.21,61,5,7.56,CL,2021-09-25 13:05:09
374,Sergeyevka,53.88,67.4158,53.87,36,27,3.24,KZ,2021-09-25 13:06:01
375,Santa Maria,-29.6842,-53.8069,63.43,68,0,6.06,BR,2021-09-25 13:06:02
376,Boa Vista,2.8197,-60.6733,84.18,65,40,3.44,BR,2021-09-25 13:06:02
377,Severo-Kurilsk,50.6789,156.125,47.35,91,100,15.77,RU,2021-09-25 13:06:02
378,Rawson,-43.3002,-65.1023,68.68,39,5,30.09,AR,2021-09-25 13:01:06
379,Karpogory,64.0019,44.4451,48.24,92,100,7.47,RU,2021-09-25 13:06:03
380,Moshkovo,55.3053,83.6104,39.15,98,100,3.76,RU,2021-09-25 13:06:03
381,Heze,35.2431,115.4411,65.57,97,100,10.94,CN,2021-09-25 13:06:03
382,Moose Factory,51.2585,-80.6094,47.66,90,99,6.73,CA,2021-09-25 13:06:04
383,Henties Bay,-22.116,14.2845,58.86,73,9,13.71,NA,2021-09-25 13:06:04
384,Aksay,47.26,39.87,62.98,48,34,11.01,RU,2021-09-25 13:06:04
385,Bosaso,11.2842,49.1816,92.05,52,35,8.88,SO,2021-09-25 13:06:05
386,Menongue,-14.6585,17.691,95.95,7,0,10.89,AO,2021-09-25 13:06:05
387,Willowmore,-33.2926,23.4895,88.36,9,100,20.94,ZA,2021-09-25 13:06:05
388,Olafsvik,64.8945,-23.7142,42.73,72,100,30.4,IS,2021-09-25 13:06:06
389,Sao Felix Do Xingu,-6.6447,-51.995,91.92,40,86,4.25,BR,2021-09-25 13:06:06
390,Piacabucu,-10.4056,-36.4344,78.89,78,20,13.33,BR,2021-09-25 13:06:06
391,Manta,-0.95,-80.7333,72.9,84,100,5.82,EC,2021-09-25 13:06:06
392,Kokoda,-8.8785,147.7407,74.89,97,92,0.76,PG,2021-09-25 13:06:07
393,Khash,28.2211,61.2158,88.92,6,5,15.57,IR,2021-09-25 13:06:07
394,Sola,-13.8833,167.55,79.59,75,99,12.19,VU,2021-09-25 13:01:55
395,Mackay,-21.15,149.2,64.04,77,53,1.41,AU,2021-09-25 13:06:08
396,Zhanaozen,43.3,52.8,70.9,36,12,11.41,KZ,2021-09-25 13:06:08
397,Kyzyl-Suu,42.3414,78.0056,56.8,29,1,1.9,KG,2021-09-25 13:06:08
398,Juba,4.8517,31.5825,75.06,75,100,3.24,SS,2021-09-25 13:06:09
399,Coquimbo,-29.9533,-71.3436,55.13,87,90,8.05,CL,2021-09-25 13:06:09
400,Tiksi,71.6872,128.8694,32.94,89,100,19.95,RU,2021-09-25 13:06:09
401,Torbay,47.6666,-52.7314,53.28,75,14,1.99,CA,2021-09-25 13:05:32
402,Riverton,40.5219,-111.9391,64.31,53,1,1.01,US,2021-09-25 13:06:10
403,Paita,-5.0892,-81.1144,65.28,82,100,11.07,PE,2021-09-25 13:06:10
404,Srednekolymsk,67.45,153.6833,32.16,69,99,11.39,RU,2021-09-25 13:06:10
405,Kaeo,-35.1,173.7833,53.33,93,100,4.43,NZ,2021-09-25 13:01:09
406,Gimli,50.6336,-96.9907,48.06,68,100,7.94,CA,2021-09-25 13:06:11
407,Kendari,-3.945,122.4989,75.69,83,17,1.14,ID,2021-09-25 13:06:11
408,Agirish,61.9247,63.0231,43.93,64,19,9.48,RU,2021-09-25 13:06:12
409,Chotila,22.4167,71.1833,82.65,73,66,8.95,IN,2021-09-25 13:06:12
410,Tecolutla,20.4833,-97.0167,75.33,83,44,4.7,MX,2021-09-25 13:06:12
411,Northam,51.0333,-4.2167,67.14,90,100,1.72,GB,2021-09-25 13:06:13
412,Buctzotz,21.2,-88.7833,75.45,93,21,2.13,MX,2021-09-25 13:06:13
413,Bathsheba,13.2167,-59.5167,88.41,70,40,9.22,BB,2021-09-25 13:06:13
414,Salalah,17.0151,54.0924,84.29,74,20,11.5,OM,2021-09-25 13:06:14
415,Naze,28.3667,129.4833,77.74,85,27,13.31,JP,2021-09-25 13:06:14
416,Peachland,49.7665,-119.7357,57.67,62,100,2.91,CA,2021-09-25 13:06:14
417,Tura,25.5198,90.2201,75.67,92,100,2.95,IN,2021-09-25 13:06:15
418,Port Lincoln,-34.7333,135.8667,52.25,62,58,11.52,AU,2021-09-25 13:06:15
419,Ambilobe,-13.2,49.05,85.21,40,61,6.26,MG,2021-09-25 13:06:15
420,San Quintin,30.4833,-115.95,66.61,85,59,5.79,MX,2021-09-25 13:01:46
421,Wajima,37.4,136.9,69.06,71,100,7.65,JP,2021-09-25 13:06:16
422,Jacareacanga,-6.2222,-57.7528,74.03,95,98,2.17,BR,2021-09-25 13:03:14
423,Rio Grande City,26.3798,-98.8203,71.35,66,6,6.64,US,2021-09-25 13:06:16
424,Nangomba,-10.9,38.5,95.56,18,44,6.02,TZ,2021-09-25 13:06:16
425,Methven,-43.6333,171.65,46.9,66,2,1.01,NZ,2021-09-25 13:06:17
426,Rincon,32.296,-81.2354,67.86,91,20,4.61,US,2021-09-25 13:06:17
427,Abu Samrah,35.3029,37.1841,80.78,19,0,6.35,SY,2021-09-25 13:06:18
428,Waipawa,-41.4122,175.5153,56.03,79,73,16.24,NZ,2021-09-25 13:06:18
429,Guaratuba,-25.8828,-48.5747,69.19,74,88,2.42,BR,2021-09-25 13:06:18
430,Kaduqli,11.0167,29.7167,82.11,62,99,8.12,SD,2021-09-25 13:06:19
431,Kruisfontein,-34.0033,24.7314,73.89,38,100,13.8,ZA,2021-09-25 13:02:10
432,Vao,-22.6667,167.4833,67.84,62,2,10.11,NC,2021-09-25 13:06:19
433,Lompoc,34.6391,-120.4579,56.88,94,90,0.0,US,2021-09-25 13:06:19
434,Hualmay,-11.0964,-77.6139,63.14,84,97,7.45,PE,2021-09-25 13:06:20
435,Port Shepstone,-30.7414,30.455,72.5,79,74,20.15,ZA,2021-09-25 13:06:20
436,Pisco,-13.7,-76.2167,61.02,89,100,3.04,PE,2021-09-25 13:06:20
437,Torit,4.4133,32.5678,74.55,82,98,1.63,SS,2021-09-25 13:06:21
438,Gotsu,35.0,132.2167,67.8,87,39,7.34,JP,2021-09-25 13:06:21
439,Igrim,63.1906,64.4162,42.17,67,12,5.55,RU,2021-09-25 13:06:21
440,Vilyuysk,63.7553,121.6247,34.52,78,0,4.68,RU,2021-09-25 13:06:22
441,Morges,46.5113,6.4985,83.57,70,31,2.8,CH,2021-09-25 13:04:30
442,Russell,32.3502,-85.1999,65.43,93,1,0.0,US,2021-09-25 13:05:51
443,Salcedo,12.8105,121.4674,78.78,88,9,8.43,PH,2021-09-25 13:06:22
444,Divnoye,45.9089,43.3547,58.08,69,100,11.86,RU,2021-09-25 13:06:23
445,Birjand,32.8663,59.2211,88.21,3,0,1.9,IR,2021-09-25 13:06:23
446,Mamallapuram,12.6264,80.1722,86.05,74,99,9.37,IN,2021-09-25 13:06:23
447,Leduc,53.2668,-113.552,55.47,67,100,2.89,CA,2021-09-25 13:06:24
448,Bandarbeyla,9.4942,50.8122,89.06,49,11,21.83,SO,2021-09-25 13:06:24
449,Florida,28.7505,-82.5001,78.78,84,1,1.01,US,2021-09-25 13:06:24
450,Campbeltown,55.4258,-5.6076,68.05,99,99,11.95,GB,2021-09-25 13:06:25
451,Ust-Nera,64.5667,143.2,39.45,98,100,5.59,RU,2021-09-25 13:06:25
452,Peddapuram,17.0833,82.1333,86.09,82,100,3.51,IN,2021-09-25 13:06:25
453,Pevek,69.7008,170.3133,28.15,96,100,18.03,RU,2021-09-25 13:06:26
454,Kalmunai,7.4167,81.8167,83.14,76,96,8.19,LK,2021-09-25 13:06:26
455,San Jeronimo,-11.9472,-75.2829,52.38,60,96,1.36,PE,2021-09-25 13:06:26
456,Beloha,-25.1667,45.05,90.23,24,0,13.42,MG,2021-09-25 13:06:27
457,Yumen,40.2833,97.2,61.63,29,0,6.82,CN,2021-09-25 13:06:27
458,San Carlos De Bariloche,-41.1456,-71.3082,49.75,50,40,28.77,AR,2021-09-25 13:06:27
459,Svetlogorsk,52.6333,29.7333,51.84,92,100,12.88,BY,2021-09-25 13:06:28
460,Labuhan,-6.8844,112.2051,81.41,78,46,6.2,ID,2021-09-25 13:01:30
461,Isaka,-3.9,32.9333,88.34,22,94,5.39,TZ,2021-09-25 13:06:28
462,Young,-32.6833,-57.6333,64.22,73,0,7.34,UY,2021-09-25 13:05:39
463,Superior,46.7208,-92.1041,49.77,78,40,8.05,US,2021-09-25 13:02:18
464,Sobolevo,54.4299,31.8996,47.53,95,100,15.17,RU,2021-09-25 13:06:29
465,Khakhea,-24.6895,23.494,94.05,10,0,3.53,BW,2021-09-25 13:06:29
466,Derzhavinsk,51.1,66.3167,61.86,25,11,7.07,KZ,2021-09-25 13:06:29
467,Dharchula,29.85,80.5333,71.15,90,29,1.41,IN,2021-09-25 13:06:30
468,Macamic,48.7502,-78.9996,50.14,85,100,13.29,CA,2021-09-25 13:06:30
469,Ondangwa,-17.9167,15.95,97.61,9,1,12.28,NA,2021-09-25 13:06:31
470,Kozhevnikovo,56.2589,83.9714,36.25,98,100,1.59,RU,2021-09-25 13:06:31
471,Pingyi,35.5006,117.6308,69.04,90,100,11.74,CN,2021-09-25 13:05:13
472,Alta Floresta,-9.8756,-56.0861,92.14,37,10,3.85,BR,2021-09-25 13:06:32
473,Howard Springs,-12.497,131.047,82.31,81,6,5.32,AU,2021-09-25 13:06:32
474,Jijiang,29.2906,106.2542,85.28,59,6,8.14,CN,2021-09-25 13:06:32
475,Lata,40.1629,-8.3327,73.35,79,100,7.74,PT,2021-09-25 13:06:33
476,Bethel,41.3712,-73.414,65.48,92,88,3.6,US,2021-09-25 13:00:59
477,Jinchang,38.4953,102.1739,65.8,32,100,17.69,CN,2021-09-25 13:06:34
478,Kidal,18.4411,1.4078,103.82,6,0,9.26,ML,2021-09-25 13:06:34
479,Clyde River,70.4692,-68.5914,29.71,67,100,5.28,CA,2021-09-25 13:01:20
480,Uyemskiy,64.4743,40.8524,55.45,67,75,11.18,RU,2021-09-25 13:06:35
481,Iquique,-20.2208,-70.1431,66.33,60,0,9.06,CL,2021-09-25 13:02:38
482,Wanaka,-44.7,169.15,42.12,80,100,5.01,NZ,2021-09-25 13:06:35
483,Sept-Iles,50.2001,-66.3821,56.25,98,90,1.01,CA,2021-09-25 13:06:36
484,Matai,-8.3,31.5167,80.87,23,82,6.8,TZ,2021-09-25 13:06:36
485,Ahipara,-35.1667,173.1667,57.47,85,100,6.58,NZ,2021-09-25 13:06:36
486,Sakhnovshchyna,49.1517,35.872,58.95,54,100,12.82,UA,2021-09-25 13:06:37
487,Slavsk,55.0425,21.677,59.5,71,98,16.49,RU,2021-09-25 13:06:37
488,Hervey Bay,-25.2986,152.8535,66.04,78,83,9.89,AU,2021-09-25 13:06:38
489,Lerwick,60.1545,-1.1494,54.19,88,100,24.83,GB,2021-09-25 12:56:54
490,Talara,-4.5772,-81.2719,68.02,76,74,14.47,PE,2021-09-25 13:06:38
491,Gizo,-8.103,156.8419,81.93,78,15,4.68,SB,2021-09-25 13:06:38
492,Bam,29.106,58.357,95.2,6,0,12.21,IR,2021-09-25 13:03:05
493,Pyay,18.8167,95.2167,77.13,93,100,3.87,MM,2021-09-25 13:06:39
494,Pedregal,8.3667,-82.4333,86.94,94,20,0.0,PA,2021-09-25 13:06:39
495,Altagracia De Orituco,9.8601,-66.3814,77.65,80,86,4.21,VE,2021-09-25 13:06:40
496,Boguchany,58.3814,97.4531,36.39,82,100,4.72,RU,2021-09-25 13:06:40
497,Praia Da Vitoria,38.7333,-27.0667,71.76,89,99,18.95,PT,2021-09-25 13:06:40
498,Kota Bahru,6.1333,102.2386,78.64,87,100,4.9,MY,2021-09-25 13:06:41
499,Atherton,53.5237,-2.4935,71.19,83,98,1.01,GB,2021-09-25 13:06:41
500,Kayerkan,69.3497,87.7602,32.76,73,64,3.31,RU,2021-09-25 13:06:42
501,Anadyr,64.75,177.4833,31.64,64,25,6.06,RU,2021-09-25 13:06:42
502,Ulaangom,49.9811,92.0667,42.73,36,8,6.64,MN,2021-09-25 13:06:42
503,Kavaratti,10.5669,72.642,81.66,79,97,16.11,IN,2021-09-25 13:00:54
504,Juneau,58.3019,-134.4197,46.4,94,90,6.91,US,2021-09-25 13:06:43
505,Jutai,-5.1833,-68.9,79.32,80,83,2.62,BR,2021-09-25 13:06:43
506,Pipar,26.3856,73.5378,86.23,63,94,7.49,IN,2021-09-25 13:06:44
507,Cacapava Do Sul,-30.5122,-53.4914,60.26,70,1,4.79,BR,2021-09-25 13:06:44
508,Ereymentau,51.6199,73.1033,49.64,35,96,5.19,KZ,2021-09-25 13:06:44
509,Whitianga,-36.8333,175.7,56.01,93,60,4.72,NZ,2021-09-25 13:06:45
510,Hwange,-18.3693,26.5019,94.82,12,0,6.58,ZW,2021-09-25 13:06:45
511,Quatre Cocos,-20.2078,57.7625,74.08,75,44,17.6,MU,2021-09-25 13:06:45
512,Salo,45.6086,10.531,79.39,61,7,2.62,IT,2021-09-25 13:06:46
513,Talaya,61.3833,152.75,34.02,86,100,2.42,RU,2021-09-25 13:06:46
514,Tulum,20.2167,-87.4667,80.98,82,80,1.05,MX,2021-09-25 13:06:46
515,Maniwaki,46.3834,-75.966,51.94,91,24,5.21,CA,2021-09-25 13:06:47
516,Qaqortoq,60.7167,-46.0333,37.9,38,0,3.06,GL,2021-09-25 13:06:47
517,Saint-Francois,46.4154,3.9054,78.48,63,0,6.91,FR,2021-09-25 13:06:47
518,Pidhorodne,48.5753,35.1068,61.84,55,100,12.5,UA,2021-09-25 13:06:48
519,Mezen,65.8522,44.24,48.74,88,100,8.93,RU,2021-09-25 13:06:48
520,Rocha,-34.4833,-54.3333,62.49,80,71,8.32,UY,2021-09-25 13:06:48
521,Constitucion,-35.3333,-72.4167,56.19,83,96,5.3,CL,2021-09-25 13:01:23
522,Uarini,-2.99,-65.1083,80.55,73,51,1.7,BR,2021-09-25 13:06:49
523,Impfondo,1.6381,18.0667,80.08,73,93,0.54,CG,2021-09-25 13:06:49
524,Acapulco,16.8634,-99.8901,77.86,87,100,4.74,MX,2021-09-25 13:06:49
525,Tezu,27.9167,96.1667,79.92,79,20,3.85,IN,2021-09-25 13:06:50
526,Bonavista,48.6499,-53.1147,54.12,67,72,6.15,CA,2021-09-25 13:06:50
527,Ambanja,-13.6833,48.45,80.24,62,94,4.7,MG,2021-09-25 13:06:50
528,Herre,59.1,9.5667,66.81,45,9,2.1,NO,2021-09-25 13:06:51
529,Sudogda,55.9539,40.8629,50.31,74,100,6.82,RU,2021-09-25 13:06:51
530,Pimentel,-6.8367,-79.9342,63.46,84,100,13.87,PE,2021-09-25 13:06:51
531,Hagere Selam,6.4833,38.5167,50.14,91,100,5.17,ET,2021-09-25 13:06:52
532,Praya,14.9215,-23.5087,81.01,69,84,12.48,CV,2021-09-25 13:06:52
533,Skibbereen,51.55,-9.2667,66.0,81,82,10.11,IE,2021-09-25 13:06:52
534,Sitka,57.0531,-135.33,45.18,84,96,3.87,US,2021-09-25 13:01:21
535,Zaysan,47.4667,84.8667,40.23,44,0,3.02,KZ,2021-09-25 13:06:53
536,Salinopolis,-0.6136,-47.3561,84.88,65,100,12.88,BR,2021-09-25 13:06:53
537,Ossora,59.2353,163.0719,42.35,83,13,6.78,RU,2021-09-25 13:06:53
538,Cangzhou,38.3167,116.8667,66.6,85,100,6.02,CN,2021-09-25 13:06:54
539,Kabarnet,0.4919,35.743,73.35,43,14,4.79,KE,2021-09-25 13:06:54
540,Basoko,1.2391,23.616,82.62,60,99,4.45,CD,2021-09-25 13:06:54
541,Cavalcante,-13.7975,-47.4583,87.55,36,5,3.44,BR,2021-09-25 13:06:55
542,Coihaique,-45.5752,-72.0662,57.15,44,75,4.61,CL,2021-09-25 13:03:24
543,Kieta,-6.2167,155.6333,79.27,86,63,5.99,PG,2021-09-25 13:06:55
544,Nome,64.5011,-165.4064,42.87,82,90,13.8,US,2021-09-25 13:06:55
545,Lagunas,-5.2269,-75.6753,79.02,74,26,1.5,PE,2021-09-25 13:06:56
546,Ketchikan,55.3422,-131.6461,44.58,93,1,4.61,US,2021-09-25 13:03:11
547,Nyurba,63.2842,118.3319,36.12,75,22,4.05,RU,2021-09-25 13:01:11
548,Fare,-16.7,-151.0167,76.66,77,9,9.53,PF,2021-09-25 13:06:57
549,Namibe,-15.1961,12.1522,72.91,68,20,13.49,AO,2021-09-25 13:06:57
550,Mirabad,30.4362,61.8383,98.06,5,0,4.83,AF,2021-09-25 13:06:58
551,Iralaya,15.0,-83.2333,80.69,83,100,8.66,HN,2021-09-25 13:06:58
552,Laiyang,36.9758,120.7136,66.94,92,100,6.82,CN,2021-09-25 13:06:59
553,Arroyo,41.6096,-4.7969,68.14,59,40,17.27,ES,2021-09-25 13:06:59
554,Saint-Georges,12.0564,-61.7485,83.46,75,93,7.85,GD,2021-09-25 13:05:51
555,Teguldet,57.3064,88.1667,33.94,99,100,3.71,RU,2021-09-25 13:06:59
556,Bara,10.3744,10.7288,90.41,45,42,2.84,NG,2021-09-25 13:07:00
557,Rio Gallegos,-51.6226,-69.2181,41.05,60,0,12.66,AR,2021-09-25 13:07:00
558,Dongsheng,39.8161,109.9776,64.24,64,83,8.14,CN,2021-09-25 13:07:00
559,Yamada,39.4667,141.95,61.18,79,100,2.28,JP,2021-09-25 13:07:01
560,Petropavl,54.8753,69.1628,52.07,46,0,5.91,KZ,2021-09-25 13:07:01
561,Cabinda,-5.55,12.2,80.15,73,83,10.27,AO,2021-09-25 13:07:01
562,Kismayo,-0.3582,42.5454,80.67,72,29,15.73,SO,2021-09-25 13:07:02
563,Linfen,36.0889,111.5189,62.37,93,100,7.81,CN,2021-09-25 13:07:02
564,Along,28.1667,94.7667,77.18,87,7,1.12,IN,2021-09-25 13:07:02
565,Tyrma,50.0833,132.1667,49.14,74,88,0.76,RU,2021-09-25 13:07:03
566,Abnub,27.2696,31.1511,89.1,18,0,13.44,EG,2021-09-25 13:07:03
567,Khalkhal,37.6189,48.5258,70.38,24,5,19.48,IR,2021-09-25 13:07:03
568,Carauari,-4.8828,-66.8958,80.2,76,100,2.95,BR,2021-09-25 13:07:04
569,Saint-Leu,-21.15,55.2833,74.26,73,88,15.79,RE,2021-09-25 13:07:04
570,Atambua,-9.1061,124.8925,74.19,77,96,3.31,ID,2021-09-25 13:07:04
571,Bomet,-0.7813,35.3416,63.55,77,99,2.82,KE,2021-09-25 13:07:05
572,Roald,62.5833,6.1333,54.91,71,75,18.41,NO,2021-09-25 13:07:05
573,Yaan,7.3833,8.5667,78.24,80,100,3.15,NG,2021-09-25 13:07:06
574,Placerville,38.7296,-120.7986,73.94,43,90,5.75,US,2021-09-25 13:07:06
575,Ponta Do Sol,32.6667,-17.1,79.72,64,100,2.66,PT,2021-09-25 13:07:06
576,Cabo San Lucas,22.8909,-109.9124,82.51,83,1,0.0,MX,2021-09-25 13:03:53
577,Ribeira Grande,38.5167,-28.7,73.8,88,75,10.36,PT,2021-09-25 13:01:07
578,Merritt Island,28.5392,-80.672,83.08,81,75,0.0,US,2021-09-25 13:02:23
579,Simav,39.0882,28.9777,74.1,28,0,8.5,TR,2021-09-25 13:07:07
580,Meybod,32.2501,54.0166,98.62,6,0,5.17,IR,2021-09-25 13:07:07
581,Makakilo City,21.3469,-158.0858,75.56,79,75,3.44,US,2021-09-25 13:07:07
582,Jati,24.3539,68.2671,87.49,66,6,13.65,PK,2021-09-25 13:07:08
583,Ayorou,14.7308,0.9174,98.91,26,7,4.45,NE,2021-09-25 13:07:08
